Language,Energy consumption in microjoules,Runtime in seconds
c,1.0,1.0
erlang,65.94377777091415,189.17447024614663
go,0.09666027108459017,1.9547663049342106
java,2.291307559503303,1.6371608616440059
